chr1.trna9-ArgTCT	38	49
chr1.trna69-LeuCAA	39	60
chr2.trna2-TyrGTA	38	53
chr2.trna5-IleTAT	39	57
chr2.trna12-TyrATA	38	57
chr6.trna14-TyrGTA	38	55
chr6.trna15-TyrGTA	38	54
chr6.trna16-TyrGTA	38	53
chr6.trna17-TyrGTA	38	53
chr6.trna30-IleTAT	39	58
chr6.trna54-ArgTCT	38	51
chr6.trna57-IleTAT	39	58
chr6.trna65-IleTAT	39	58
chr6.trna76-LeuCAA	39	60
chr6.trna107-LeuCAA	39	61
chr6.trna148-LeuCAA	39	62
chr6.trna149-LeuCAA	39	61
chr8.trna3-TyrGTA	38	57
chr8.trna4-TyrGTA	38	53
chr8.trna12-TyrGTA	38	53
chr9.trna5-ArgTCT	38	55
chr11.trna2-ArgTCT	38	50
chr14.trna5-TyrGTA	38	53
chr14.trna16-TyrGTA	38	58
chr14.trna17-TyrGTA	38	58
chr14.trna18-TyrGTA	38	58
chr14.trna19-TyrGTA	38	58
chr17.trna3-ArgTCT	38	52
chr19.trna10-IleTAT	39	57
